<?xml version="1.0" encoding="utf-8"?>
<!DOCTYPE install PUBLIC "-//Joomla! 2.5//DTD template 1.0//EN" "http://www.joomla.org/xml/dtd/2.5/template-install.dtd">
<extension version="2.5" type="template" client="site">
	<name>mustermann-ag</name>
	<creationDate>19 April 2011</creationDate>
	<author>Mustermann AG</author>
	<authorEmail>info@mustermann-ag.tld</authorEmail>
	<authorUrl>http://www.mustermann-ag.tld</authorUrl>
	<copyright>Copyright (C) 2011 Mustermann AG</copyright>
	<license>None</license>
	<version>1.0.0</version>
	<description>Das offizielle Design der Mustermann AG - Premium Palmen.</description>
	<positions>
		<position>left</position>
		<position>right</position>
		<position>footer</position>
	</positions>
</extension>