<?xml version="1.0"?>
<toolbar>
	<item id="new" type="buttonSelect" img="new.gif" imgdis="new_dis.gif" text="New">
		<item type="button"	id="new_text"  text="Text Document" img="text_document.gif"/>
		<item type="button"	id="new_excel" text="Stylesheet"    img="stylesheet.gif"    />
		<item type="button"	id="new_db"    text="Database"      img="database.gif"     />
		<item type="button" 	id="new_pp"    text="Presentation"  img="presentation.gif" />
		<item type="separator"	id="new_s1"/>
		<item type="button"	id="new_other" text="Other"         img="other.gif"        />
	</item>
	<item id="sep1" type="separator"/>
	<item id="open" type="button"  img="open.gif" imgdis="open_dis.gif"/>
	<item id="save" type="button"  img="save.gif" imgdis="save_dis.gif"/>
	<item id="save_as" type="button" img="save_as.gif" text="Save As..." imgdis="save_as_dis.gif" enabled="false"/>
	<item id="sep2" type="separator"/>
	<item id="undo" type="button"  img="undo.gif" imgdis="undo_dis.gif"/>
	<item id="redo" type="button"  img="redo.gif" imgdis="redo_dis.gif"/>
	
	<item id="sep3" type="separator"/>
	
	<item id="cut"   type="button" img="cut.gif"   text="Cut"   imgdis="cut_dis.gif"  />
	<item id="copy"  type="button" img="copy.gif"  text="Copy"  imgdis="copy_dis.gif" />
	<item id="paste" type="button" img="paste.gif" text="Paste" imgdis="paste_dis.gif"/>
	
	<item id="sep4" type="separator"/>
	
	<item id="print" type="buttonSelect" img="print.gif" imgdis="print_dis.gif" text="Print">
		<item type="button"	id="print_page"	 text="Page"       img="page.gif"      />
		<item type="button"	id="print_range" text="Page Range" img="page_range.gif"/>
		<item type="button"	id="print_sel"	 text="Selection"  img="selection.gif" />
		<item type="separator"	id="print_s1"/>
		<item type="button"	id="print_cfg"	 text="Settings"   img="settings.gif"  />
	</item>
	
	<item id="sep5" type="separator"/>
	
	<item id="info" type="text" text="dhtmlxToolbar Demo"/>
</toolbar>