<?xml version="1.0" encoding="utf-8"?>
<install type="component" version="1.5">
	<name>Scheduler</name>
	<creationDate>2009-12</creationDate>
	<author>DHTMLX LTD</author>
	<authorEmail>dhtmlx@gmail.com</authorEmail>
	<authorUrl>http://dhtmlx.com</authorUrl>
	<copyright>DHTMLX LTD</copyright>
	<license>GNU/GPL</license>
	<version>3.0</version>
	<description>Event Calendar/Scheduler component for the Joomla!</description>
	<files folder="site">
		<filename>index.html</filename>
			<filename>config_init.php</filename>
			<filename>controller.php</filename>
			<filename>default.xml</filename>
			<filename>models/index.html</filename>
			<filename>models/scheduler.php</filename>
			<filename>scheduler.php</filename>
			<filename>scheduler_include.html</filename>
			<filename>views/index.html</filename>
			<filename>views/scheduler/index.html</filename>
			<filename>views/scheduler/tmpl/index.html</filename>
			<filename>views/scheduler/tmpl/default.php</filename>
			<filename>views/scheduler/tmpl/default.xml</filename>
			<filename>views/scheduler/view.html.php</filename>
			<filename>codebase/index.html</filename>
			<filename>codebase/common/index.html</filename>
			<filename>codebase/common/dhxtoolbar.xml</filename>
			<filename>codebase/common/imgs/index.html</filename>
			<filename>codebase/common/imgs/close.gif</filename>
			<filename>codebase/common/imgs/new.gif</filename>
			<filename>codebase/common/imgs/reload.gif</filename>
			<filename>codebase/common/imgs/settings.gif</filename>
			<filename>codebase/connector/index.html</filename>
			<filename>codebase/connector/base_connector.php</filename>
			<filename>codebase/connector/connector.js</filename>
			<filename>codebase/connector/dataprocessor.php</filename>
			<filename>codebase/connector/db_common.php</filename>
			<filename>codebase/connector/db_mssql.php</filename>
			<filename>codebase/connector/grid_config.php</filename>
			<filename>codebase/connector/grid_connector.php</filename>
			<filename>codebase/connector/scheduler_connector.php</filename>
			<filename>codebase/connector/tools.php</filename>
			<filename>codebase/connector/update.php</filename>
			<filename>codebase/dhtmlx.css</filename>
			<filename>codebase/dhtmlx.js</filename>
			<filename>codebase/dhtmlxcolorpicker.css</filename>
			<filename>codebase/dhtmlxcolorpicker.js</filename>
			<filename>codebase/dhtmlxcommon.js</filename>
			<filename>codebase/dhtmlxscheduler.css</filename>
			<filename>codebase/dhtmlxscheduler.js</filename>
			<filename>codebase/dhtmlxSchedulerConfigurator.css</filename>
			<filename>codebase/dhtmlxSchedulerConfigurator.js</filename>
			<filename>codebase/dhtmlxSchedulerConfigurator.php</filename>
			<filename>codebase/dhtmlxSchedulerConfiguratorLoad.php</filename>
			<filename>codebase/dhtmlxSchedulerHelpers.php</filename>
			<filename>codebase/dhtmlxSchedulerIcal.php</filename>
			<filename>codebase/dhtmlxscheduler_fake.css</filename>
			<filename>codebase/dhtmlxscheduler_wp.css</filename>
			<filename>codebase/ext/index.html</filename>
			<filename>codebase/ext/dhtmlxscheduler_active_links.js</filename>
			<filename>codebase/ext/dhtmlxscheduler_agenda_view.js</filename>
			<filename>codebase/ext/dhtmlxscheduler_all_timed.js</filename>
			<filename>codebase/ext/dhtmlxscheduler_collision.js</filename>
			<filename>codebase/ext/dhtmlxscheduler_cookie.js</filename>
			<filename>codebase/ext/dhtmlxscheduler_editors.js</filename>
			<filename>codebase/ext/dhtmlxscheduler_expand.js</filename>
			<filename>codebase/ext/dhtmlxscheduler_grid_view.js</filename>
			<filename>codebase/ext/dhtmlxscheduler_html_templates.js</filename>
			<filename>codebase/ext/dhtmlxscheduler_key_nav.js</filename>
			<filename>codebase/ext/dhtmlxscheduler_limit.js</filename>
			<filename>codebase/ext/dhtmlxscheduler_map_view.js</filename>
			<filename>codebase/ext/dhtmlxscheduler_minical.js</filename>
			<filename>codebase/ext/dhtmlxscheduler_multiselect.js</filename>
			<filename>codebase/ext/dhtmlxscheduler_multisource.js</filename>
			<filename>codebase/ext/dhtmlxscheduler_offline.js</filename>
			<filename>codebase/ext/dhtmlxscheduler_outerdrag.js</filename>
			<filename>codebase/ext/dhtmlxscheduler_pdf.js</filename>
			<filename>codebase/ext/dhtmlxscheduler_readonly.js</filename>
			<filename>codebase/ext/dhtmlxscheduler_recurring.js</filename>
			<filename>codebase/ext/dhtmlxscheduler_serialize.js</filename>
			<filename>codebase/ext/dhtmlxscheduler_timeline.js</filename>
			<filename>codebase/ext/dhtmlxscheduler_tooltip.js</filename>
			<filename>codebase/ext/dhtmlxscheduler_treetimeline.js</filename>
			<filename>codebase/ext/dhtmlxscheduler_units.js</filename>
			<filename>codebase/ext/dhtmlxscheduler_url.js</filename>
			<filename>codebase/ext/dhtmlxscheduler_week_agenda.js</filename>
			<filename>codebase/ext/dhtmlxscheduler_year_view.js</filename>
			<filename>codebase/google_proxy.php</filename>
			<filename>codebase/iframes/index.html</filename>
			<filename>codebase/iframes/access_rights.html</filename>
			<filename>codebase/iframes/custom_fields.html</filename>
			<filename>codebase/iframes/google.html</filename>
			<filename>codebase/iframes/settings.html</filename>
			<filename>codebase/iframes/skins.html</filename>
			<filename>codebase/iframes/templates.html</filename>
			<filename>codebase/imgs/index.html</filename>
			<filename>codebase/imgs/apply.gif</filename>
			<filename>codebase/imgs/blue_tab.png</filename>
			<filename>codebase/imgs/blue_tab_wide.png</filename>
			<filename>codebase/imgs/bottom.gif</filename>
			<filename>codebase/imgs/btns.gif</filename>
			<filename>codebase/imgs/buttons.gif</filename>
			<filename>codebase/imgs/buttons.png</filename>
			<filename>codebase/imgs/but_repeat.gif</filename>
			<filename>codebase/imgs/calendar.gif</filename>
			<filename>codebase/imgs/calendar_dis.gif</filename>
			<filename>codebase/imgs/cal_bg_double.gif</filename>
			<filename>codebase/imgs/cal_bg_single.gif</filename>
			<filename>codebase/imgs/cal_bg_single_long.gif</filename>
			<filename>codebase/imgs/cal_bg_single_mini.gif</filename>
			<filename>codebase/imgs/clock_big.gif</filename>
			<filename>codebase/imgs/clock_big.png</filename>
			<filename>codebase/imgs/clock_small.gif</filename>
			<filename>codebase/imgs/clock_small.png</filename>
			<filename>codebase/imgs/colapce-expand-icon.gif</filename>
			<filename>codebase/imgs/color.png</filename>
			<filename>codebase/imgs/colormini.png</filename>
			<filename>codebase/imgs/controlls5.png</filename>
			<filename>codebase/imgs/controls.gif</filename>
			<filename>codebase/imgs/cp_buttons_panel.gif</filename>
			<filename>codebase/imgs/databg.png</filename>
			<filename>codebase/imgs/databg_now.png</filename>
			<filename>codebase/imgs/dhtmlxcalendar_dhx_skyblue/index.html</filename>
			<filename>codebase/imgs/dhtmlxcalendar_dhx_skyblue/arrow_left.png</filename>
			<filename>codebase/imgs/dhtmlxcalendar_dhx_skyblue/arrow_left_hover.png</filename>
			<filename>codebase/imgs/dhtmlxcalendar_dhx_skyblue/arrow_right.png</filename>
			<filename>codebase/imgs/dhtmlxcalendar_dhx_skyblue/arrow_right_hover.png</filename>
			<filename>codebase/imgs/dhtmlxcalendar_dhx_skyblue/bg_days.png</filename>
			<filename>codebase/imgs/dhtmlxcalendar_dhx_skyblue/bg_main.png</filename>
			<filename>codebase/imgs/dhxaccord_dhx_skyblue/index.html</filename>
			<filename>codebase/imgs/dhxaccord_dhx_skyblue/dhxacc_bg_hover.gif</filename>
			<filename>codebase/imgs/dhxaccord_dhx_skyblue/dhxacc_bg_normal.gif</filename>
			<filename>codebase/imgs/dhxaccord_dhx_skyblue/dhxacc_bg_sb.gif</filename>
			<filename>codebase/imgs/dhxaccord_dhx_skyblue/dhxacc_btns.gif</filename>
			<filename>codebase/imgs/dhxgrid_dhx_skyblue/index.html</filename>
			<filename>codebase/imgs/dhxgrid_dhx_skyblue/arrow.png</filename>
			<filename>codebase/imgs/dhxgrid_dhx_skyblue/asteriks.png</filename>
			<filename>codebase/imgs/dhxgrid_dhx_skyblue/rowselector.png</filename>
			<filename>codebase/imgs/dhxtoolbar_dhx_skyblue/index.html</filename>
			<filename>codebase/imgs/dhxtoolbar_dhx_skyblue/dhxtoolbar_bg.gif</filename>
			<filename>codebase/imgs/dhxtoolbar_dhx_skyblue/dhxtoolbar_bg_acccell.gif</filename>
			<filename>codebase/imgs/dhxtoolbar_dhx_skyblue/dhxtoolbar_bg_layoutcell.gif</filename>
			<filename>codebase/imgs/dhxtoolbar_dhx_skyblue/dhxtoolbar_bg_over.gif</filename>
			<filename>codebase/imgs/dhxtoolbar_dhx_skyblue/dhxtoolbar_bg_pressed.gif</filename>
			<filename>codebase/imgs/dhxtoolbar_dhx_skyblue/dhxtoolbar_btnarrow.gif</filename>
			<filename>codebase/imgs/dhxtoolbar_dhx_skyblue/dhxtoolbar_btnarrow_dis.gif</filename>
			<filename>codebase/imgs/dhxtoolbar_dhx_skyblue/dhxtoolbar_sep_bg.gif</filename>
			<filename>codebase/imgs/dhxtoolbar_dhx_skyblue/dhxtoolbar_slider_left.gif</filename>
			<filename>codebase/imgs/dhxtoolbar_dhx_skyblue/dhxtoolbar_slider_left_dis.gif</filename>
			<filename>codebase/imgs/dhxtoolbar_dhx_skyblue/dhxtoolbar_slider_middle.gif</filename>
			<filename>codebase/imgs/dhxtoolbar_dhx_skyblue/dhxtoolbar_slider_middle_dis.gif</filename>
			<filename>codebase/imgs/dhxtoolbar_dhx_skyblue/dhxtoolbar_slider_pen_def.gif</filename>
			<filename>codebase/imgs/dhxtoolbar_dhx_skyblue/dhxtoolbar_slider_pen_dis.gif</filename>
			<filename>codebase/imgs/dhxtoolbar_dhx_skyblue/dhxtoolbar_slider_pen_over.gif</filename>
			<filename>codebase/imgs/dhxtoolbar_dhx_skyblue/dhxtoolbar_slider_right.gif</filename>
			<filename>codebase/imgs/dhxtoolbar_dhx_skyblue/dhxtoolbar_slider_right_dis.gif</filename>
			<filename>codebase/imgs/dhxtoolbar_dhx_skyblue/dhxtoolbar_subbg_over.gif</filename>
			<filename>codebase/imgs/dhxtoolbar_dhx_skyblue/dhxtoolbar_subbg_sel.gif</filename>
			<filename>codebase/imgs/download.gif</filename>
			<filename>codebase/imgs/event-bg.png</filename>
			<filename>codebase/imgs/export_btn.png</filename>
			<filename>codebase/imgs/export_dir.png</filename>
			<filename>codebase/imgs/export_ical.png</filename>
			<filename>codebase/imgs/export_pdf.png</filename>
			<filename>codebase/imgs/export_progressbar.gif</filename>
			<filename>codebase/imgs/icon.png</filename>
			<filename>codebase/imgs/icon_minicalendar.gif</filename>
			<filename>codebase/imgs/images.png</filename>
			<filename>codebase/imgs/item_chk0.gif</filename>
			<filename>codebase/imgs/item_chk0_dis.gif</filename>
			<filename>codebase/imgs/item_chk1.gif</filename>
			<filename>codebase/imgs/item_chk1_dis.gif</filename>
			<filename>codebase/imgs/left-separator.png</filename>
			<filename>codebase/imgs/left-time-bg.png</filename>
			<filename>codebase/imgs/left.gif</filename>
			<filename>codebase/imgs/left_bottom.gif</filename>
			<filename>codebase/imgs/left_top.gif</filename>
			<filename>codebase/imgs/lightbox.png</filename>
			<filename>codebase/imgs/loading.gif</filename>
			<filename>codebase/imgs/move.png</filename>
			<filename>codebase/imgs/multi-days-bg.png</filename>
			<filename>codebase/imgs/right.gif</filename>
			<filename>codebase/imgs/right_bottom.gif</filename>
			<filename>codebase/imgs/right_top.gif</filename>
			<filename>codebase/imgs/second-top-days-bg.png</filename>
			<filename>codebase/imgs/skin_apply.png</filename>
			<filename>codebase/imgs/sky_blue_grid.gif</filename>
			<filename>codebase/imgs/sky_blue_sel.png</filename>
			<filename>codebase/imgs/sky_blue_sel2.png</filename>
			<filename>codebase/imgs/sort_asc.gif</filename>
			<filename>codebase/imgs/sort_desc.gif</filename>
			<filename>codebase/imgs/top-days-bg.png</filename>
			<filename>codebase/imgs/top-separator.gif</filename>
			<filename>codebase/imgs/top-separator.png</filename>
			<filename>codebase/imgs/top.gif</filename>
			<filename>codebase/imgs/tp_btnsIncDec.gif</filename>
			<filename>codebase/imgs/white_tab.png</filename>
			<filename>codebase/imgs/white_tab_wide.png</filename>
			<filename>codebase/imgs_glossy/index.html</filename>
			<filename>codebase/imgs_glossy/blue_tab.png</filename>
			<filename>codebase/imgs_glossy/blue_tab_wide.png</filename>
			<filename>codebase/imgs_glossy/buttons.gif</filename>
			<filename>codebase/imgs_glossy/but_repeat.gif</filename>
			<filename>codebase/imgs_glossy/calendar.gif</filename>
			<filename>codebase/imgs_glossy/clock_big.png</filename>
			<filename>codebase/imgs_glossy/clock_small.png</filename>
			<filename>codebase/imgs_glossy/colapce-expand-icon.gif</filename>
			<filename>codebase/imgs_glossy/controlls5.png</filename>
			<filename>codebase/imgs_glossy/databg.png</filename>
			<filename>codebase/imgs_glossy/databg_now.png</filename>
			<filename>codebase/imgs_glossy/event-bg.png</filename>
			<filename>codebase/imgs_glossy/icon.png</filename>
			<filename>codebase/imgs_glossy/left-separator.png</filename>
			<filename>codebase/imgs_glossy/left-time-bg.png</filename>
			<filename>codebase/imgs_glossy/lightbox.png</filename>
			<filename>codebase/imgs_glossy/loading.gif</filename>
			<filename>codebase/imgs_glossy/move.png</filename>
			<filename>codebase/imgs_glossy/multi-days-bg.png</filename>
			<filename>codebase/imgs_glossy/second-top-days-bg.png</filename>
			<filename>codebase/imgs_glossy/top-days-bg.png</filename>
			<filename>codebase/imgs_glossy/top-separator.gif</filename>
			<filename>codebase/imgs_glossy/white_tab.png</filename>
			<filename>codebase/imgs_glossy/white_tab_wide.png</filename>
			<filename>codebase/locale/index.html</filename>
			<filename>codebase/locale/admin_de.js</filename>
			<filename>codebase/locale/admin_es.js</filename>
			<filename>codebase/locale/admin_fi.js</filename>
			<filename>codebase/locale/admin_fr.js</filename>
			<filename>codebase/locale/admin_it.js</filename>
			<filename>codebase/locale/admin_ru.js</filename>
			<filename>codebase/locale/common_en.php</filename>
			<filename>codebase/locale/locale_ar.js</filename>
			<filename>codebase/locale/locale_ca.js</filename>
			<filename>codebase/locale/locale_cn.js</filename>
			<filename>codebase/locale/locale_cs.js</filename>
			<filename>codebase/locale/locale_da.js</filename>
			<filename>codebase/locale/locale_de.js</filename>
			<filename>codebase/locale/locale_el.js</filename>
			<filename>codebase/locale/locale_en.js</filename>
			<filename>codebase/locale/locale_es.js</filename>
			<filename>codebase/locale/locale_fi.js</filename>
			<filename>codebase/locale/locale_fr.js</filename>
			<filename>codebase/locale/locale_he.js</filename>
			<filename>codebase/locale/locale_hu.js</filename>
			<filename>codebase/locale/locale_id.js</filename>
			<filename>codebase/locale/locale_it.js</filename>
			<filename>codebase/locale/locale_jp.js</filename>
			<filename>codebase/locale/locale_nb.js</filename>
			<filename>codebase/locale/locale_nl.js</filename>
			<filename>codebase/locale/locale_no.js</filename>
			<filename>codebase/locale/locale_pl.js</filename>
			<filename>codebase/locale/locale_pt.js</filename>
			<filename>codebase/locale/locale_ru.js</filename>
			<filename>codebase/locale/locale_se.js</filename>
			<filename>codebase/locale/locale_si.js</filename>
			<filename>codebase/locale/locale_sv.js</filename>
			<filename>codebase/locale/locale_tr.js</filename>
			<filename>codebase/locale/locale_ua.js</filename>
			<filename>codebase/locale/recurring/index.html</filename>
			<filename>codebase/locale/recurring/locale_recurring_cn.js</filename>
			<filename>codebase/locale/recurring/locale_recurring_cs.js</filename>
			<filename>codebase/locale/recurring/locale_recurring_da.js</filename>
			<filename>codebase/locale/recurring/locale_recurring_de.js</filename>
			<filename>codebase/locale/recurring/locale_recurring_el.js</filename>
			<filename>codebase/locale/recurring/locale_recurring_es.js</filename>
			<filename>codebase/locale/recurring/locale_recurring_fi.js</filename>
			<filename>codebase/locale/recurring/locale_recurring_fr.js</filename>
			<filename>codebase/locale/recurring/locale_recurring_it.js</filename>
			<filename>codebase/locale/recurring/locale_recurring_nb.js</filename>
			<filename>codebase/locale/recurring/locale_recurring_nl.js</filename>
			<filename>codebase/locale/recurring/locale_recurring_pl.js</filename>
			<filename>codebase/locale/recurring/locale_recurring_pt.js</filename>
			<filename>codebase/locale/recurring/locale_recurring_ru.js</filename>
			<filename>codebase/locale/recurring/locale_recurring_sv.js</filename>
			<filename>codebase/locale/recurring/locale_recurring_ua.js</filename>
			<filename>codebase/locale/recurring/repeat_template.html</filename>
			<filename>codebase/locale/recurring/repeat_template_cn.html</filename>
			<filename>codebase/locale/recurring/repeat_template_de.html</filename>
			<filename>codebase/locale/recurring/repeat_template_el.html</filename>
			<filename>codebase/locale/recurring/repeat_template_es.html</filename>
			<filename>codebase/locale/recurring/repeat_template_fr.html</filename>
			<filename>codebase/locale/recurring/repeat_template_it.html</filename>
			<filename>codebase/locale/recurring/repeat_template_nl.html</filename>
			<filename>codebase/locale/recurring/repeat_template_ru.html</filename>
			<filename>codebase/skin_builder/index.html</filename>
			<filename>codebase/skin_builder/codebase.php</filename>
			<filename>codebase/skin_builder/custom/index.html</filename>
			<filename>codebase/skin_builder/custom/dhtmlxscheduler_custom.css</filename>
			<filename>codebase/skin_builder/custom/imgs/index.html</filename>
			<filename>codebase/skin_builder/custom.css</filename>
			<filename>codebase/skin_builder/images.dmp</filename>
			<filename>codebase/skin_builder/skin.php</filename>
	</files>

	<administration>
		<menu>Scheduler</menu>
		<files folder="admin">
			<filename>index.html</filename>
				<filename>admin.scheduler.php</filename>
				<filename>controller.php</filename>
				<filename>install.exportoptions.php</filename>
				<filename>models/index.html</filename>
				<filename>models/schedulers.php</filename>
				<filename>tables/index.html</filename>
				<filename>tables/scheduler.php</filename>
				<filename>views/index.html</filename>
				<filename>views/schedulers/index.html</filename>
				<filename>views/schedulers/tmpl/index.html</filename>
				<filename>views/schedulers/tmpl/default.php</filename>
				<filename>views/schedulers/view.html.php</filename>
		</files>  
	</administration>
	<install>
	</install>
	<installfile>install.exportoptions.php</installfile>
</install>