<?xml version="1.0" encoding="utf-8"?>
<!DOCTYPE install PUBLIC "-//Joomla! 2.5//DTD template 1.0//EN" "http://www.joomla.org/xml/dtd/2.5/template-install.dtd">
<extension version="2.5" type="template" client="site">
	<name>UnionTmp</name>
	<creationDate>Jan 2013</creationDate>
	<author>Chalupar Martin</author>
	<authorEmail>martin.chalupar@gmx.net</authorEmail>
	<authorUrl></authorUrl>
	<copyright>Copyright (C) 2013 Chalupar</copyright>
	<license>None</license>
	<version>1.0.0</version>
	<description></description>
	<positions>
        <position>topmenu</position>
        <position>submenu</position>
		<position>left</position>
		<position>right</position>
		<position>footer</position>
	</positions>
</extension>